"Name","Slug","Source","LicenseId","LicenseName","LicenseUrl","Severity"
"Balm","balm","MR","LicenseRef-All-Rights-Reserved","","https://mods.twelveiterations.com/permissions","ARR"
"Better Combat","better-combat","MR","LicenseRef-All-Rights-Reserved","",,"ARR"
"Born in Chaos","borninchaos","MR","LicenseRef-All-Rights-Reserved","",,"ARR"
"Create: Copycats+","copycats","MR","LicenseRef-All-Rights-Reserved","",,"ARR"
"Forbidden and Arcanus ","forbidden-arcanus","MR","LicenseRef-All-Rights-Reserved","",,"ARR"
"Galosphere","galosphere","MR","LicenseRef-All-Rights-Reserved","",,"ARR"
"InventoryHUD+","inventoryhudplus","MR","LicenseRef-All-Rights-Reserved","","https://dmitrylovin.com/LICENSE-INVHUD","ARR"
"MultiBeds","multibeds","MR","LicenseRef-All-Rights-Reserved","",,"ARR"
"Reliquary Reincarnations","reliquary-reincarnations","MR","LicenseRef-All-Rights-Reserved","",,"ARR"
"ShetiPhianCore","shetiphiancore","MR","LicenseRef-All-Rights-Reserved","",,"ARR"
"Simple Voice Chat","simple-voice-chat","MR","LicenseRef-All-Rights-Reserved","",,"ARR"
"Sophisticated Backpacks","sophisticated-backpacks","MR","LicenseRef-All-Rights-Reserved","",,"ARR"
"Sophisticated Core","sophisticated-core","MR","LicenseRef-All-Rights-Reserved","",,"ARR"
"Sophisticated Storage","sophisticated-storage","MR","LicenseRef-All-Rights-Reserved","",,"ARR"
"Waystones","waystones","MR","LicenseRef-All-Rights-Reserved","","https://mods.twelveiterations.com/permissions","ARR"
"When Dungeons Arise","when-dungeons-arise","MR","LicenseRef-All-Rights-Reserved","",,"ARR"
"Xaero's Minimap","xaeros-minimap","MR","LicenseRef-All-Rights-Reserved","",,"ARR"
"Xaero's World Map","xaeros-world-map","MR","LicenseRef-All-Rights-Reserved","",,"ARR"
"Architectury API","architectury-api","CF","cf-project-419699","CurseForge — manual check","","CF-MANUAL"
"Ars 'n Spells","ars-n-spells","CF","cf-project-1447914","CurseForge — manual check","","CF-MANUAL"
"BlockUI","blockui","CF","cf-project-522992","CurseForge — manual check","","CF-MANUAL"
"Curios API (Forge/NeoForge)","curios","CF","cf-project-309927","CurseForge — manual check","","CF-MANUAL"
"Domum Ornamentum","domum-ornamentum","CF","cf-project-527361","CurseForge — manual check","","CF-MANUAL"
"FTB Chunks (NeoForge)","ftb-chunks-forge","CF","cf-project-314906","CurseForge — manual check","","CF-MANUAL"
"FTB Library (NeoForge)","ftb-library-forge","CF","cf-project-404465","CurseForge — manual check","","CF-MANUAL"
"FTB Quests (NeoForge)","ftb-quests-forge","CF","cf-project-289412","CurseForge — manual check","","CF-MANUAL"
"FTB Teams (NeoForge)","ftb-teams-forge","CF","cf-project-404468","CurseForge — manual check","","CF-MANUAL"
"Iron's Lib","irons-lib","CF","cf-project-1492763","CurseForge — manual check","","CF-MANUAL"
"Iron's Spells 'n Spellbooks","irons-spells-n-spellbooks","CF","cf-project-855414","CurseForge — manual check","","CF-MANUAL"
"Lionfish API","lionfish-api","CF","cf-project-1001614","CurseForge — manual check","","CF-MANUAL"
"MineColonies","minecolonies","CF","cf-project-245506","CurseForge — manual check","","CF-MANUAL"
"Multi-Piston","multi-piston","CF","cf-project-303278","CurseForge — manual check","","CF-MANUAL"
"Repurposed Structures (Neoforge/Forge)","repurposed-structures","CF","cf-project-368293","CurseForge — manual check","","CF-MANUAL"
"Structurize","structurize","CF","cf-project-298744","CurseForge — manual check","","CF-MANUAL"
"TownTalk","towntalk","CF","cf-project-900364","CurseForge — manual check","","CF-MANUAL"
"AdvancedAE","advancedae","MR","LGPL-3.0-or-later","GNU Lesser General Public License v3.0 or later",,"COPYLEFT"
"Alex's Mobs (Unofficial Port)","alexs-mobs(1.21.1)","MR","GPL-3.0-only","GNU General Public License v3.0 only",,"COPYLEFT"
"Applied Mekanistics","applied-mekanistics","MR","LGPL-3.0-only","GNU Lesser General Public License v3.0 only",,"COPYLEFT"
"Ars Creo","ars-creo","MR","GPL-3.0-only","GNU General Public License v3.0 only",,"COPYLEFT"
"Ars Nouveau","ars-nouveau","MR","GPL-3.0-only","GNU General Public License v3.0 only",,"COPYLEFT"
"Bookshelf","bookshelf-lib","MR","LGPL-2.1-only","GNU Lesser General Public License v2.1 only",,"COPYLEFT"
"Bountiful","bountiful","MR","LGPL-3.0-only","GNU Lesser General Public License v3.0 only",,"COPYLEFT"
"Citadel (Unofficial Port)","citadel-(1.21.1-port)","MR","LGPL-3.0-only","GNU Lesser General Public License v3.0 only",,"COPYLEFT"
"Cloth Config API","cloth-config","MR","LGPL-3.0-only","GNU Lesser General Public License v3.0 only",,"COPYLEFT"
"Comforts","comforts","MR","LGPL-3.0-or-later","GNU Lesser General Public License v3.0 or later",,"COPYLEFT"
"Create: Connected","create-connected","MR","AGPL-3.0-or-later","GNU Affero General Public License v3.0 or later","https://github.com/hlysine/create_connected/blob/main/LICENSE","COPYLEFT"
"Create: Storage [Neo/Forge]","create-storage-neo-forge","MR","GPL-3.0-or-later","GNU General Public License v3.0 or later",,"COPYLEFT"
"Cumulus","cumulus","MR","LGPL-3.0-only","GNU Lesser General Public License v3.0 only","https://github.com/The-Aether-Team/Cumulus/blob/1.19.4-develop/LICENSE.txt","COPYLEFT"
"Distant Horizons","distanthorizons","MR","LGPL-3.0-only","GNU Lesser General Public License v3.0 only",,"COPYLEFT"
"ImmediatelyFast","immediatelyfast","MR","LGPL-3.0-only","GNU Lesser General Public License v3.0 only",,"COPYLEFT"
"Immersive Aircraft","immersive-aircraft","MR","GPL-3.0-only","GNU General Public License v3.0 only",,"COPYLEFT"
"Iris Shaders","iris","MR","LGPL-3.0-only","GNU Lesser General Public License v3.0 only",,"COPYLEFT"
"Kotlin for Forge","kotlin-for-forge","MR","LGPL-2.1-only","GNU Lesser General Public License v2.1 only",,"COPYLEFT"
"Krypton Reno","krypton-fnp","MR","LGPL-3.0-only","GNU Lesser General Public License v3.0 only",,"COPYLEFT"
"Lithium","lithium","MR","LGPL-3.0-only","GNU Lesser General Public License v3.0 only",,"COPYLEFT"
"ModernFix","modernfix","MR","LGPL-3.0-only","GNU Lesser General Public License v3.0 only",,"COPYLEFT"
"Noisium","noisium","MR","LGPL-3.0-only","GNU Lesser General Public License v3.0 only",,"COPYLEFT"
"Sodium Extra","sodium-extra","MR","LGPL-3.0-only","GNU Lesser General Public License v3.0 only",,"COPYLEFT"
"Steam 'n' Rails Neoforge","create-steam-n-rails-1.21.1","MR","LGPL-3.0-or-later","GNU Lesser General Public License v3.0 or later",,"COPYLEFT"
"TerraBlender","terrablender","MR","LGPL-3.0-only","GNU Lesser General Public License v3.0 only","https://github.com/Glitchfiend/TerraBlender/blob/TB-1.19.3-2.1.x/LICENSE","COPYLEFT"
"XPlus Autofish (Fabric / Forge / NeoForge)","x+-autofish","MR","GPL-3.0-only","GNU General Public License v3.0 only",,"COPYLEFT"
"YetAnotherConfigLib (YACL)","yacl","MR","LGPL-3.0-or-later","GNU Lesser General Public License v3.0 or later",,"COPYLEFT"
"YUNG's API","yungs-api","MR","LGPL-3.0-only","GNU Lesser General Public License v3.0 only",,"COPYLEFT"
"YUNG's Better Dungeons","yungs-better-dungeons","MR","LGPL-3.0-only","GNU Lesser General Public License v3.0 only",,"COPYLEFT"
"YUNG's Better Mineshafts","yungs-better-mineshafts","MR","LGPL-3.0-only","GNU Lesser General Public License v3.0 only",,"COPYLEFT"
"YUNG's Better Strongholds","yungs-better-strongholds","MR","LGPL-3.0-only","GNU Lesser General Public License v3.0 only",,"COPYLEFT"
"Applied Energistics 2","ae2","MR","LicenseRef-Multiple","","https://github.com/AppliedEnergistics/Applied-Energistics-2#license","CUSTOM"
"Cosmetic Armor Reworked Forked","cosmetic-armor-reworked-forked","MR","LicenseRef-MMPL","","https://openhub.net/licenses/MMPL","CUSTOM"
"Create","create","MR","LicenseRef-Create-Mod-License","","https://github.com/Creators-of-Create/Create/blob/HEAD/LICENSE.md","CUSTOM"
"Create Aeronautics","create-aeronautics","MR","LicenseRef-Simulated-Project-License","","https://github.com/Creators-of-Aeronautics/Simulated-Project/blob/main/LICENSE.md","CUSTOM"
"Create Big Cannons","create-big-cannons","MR","LicenseRef-Create-Big-Cannons-License","","https://github.com/Cannoneers-of-Create/CreateBigCannons/blob/0b3e23456f38bac359112d82d6aad1b5430c04d1/LICENSE.md","CUSTOM"
"Create: Dreams & Desires","create-dreams-and-desires","MR","LicenseRef-MIT-Code-AND-ARR-Art","",,"CUSTOM"
"DotumChe","dotumche-font","MR","LicenseRef-OFL-1.1","","https://openfontlicense.org/","CUSTOM"
"Entity Culling","entityculling","MR","LicenseRef-tr7zw-Protective-License","","https://github.com/tr7zw/EntityCulling/blob/1.18/LICENSE-EntityCulling","CUSTOM"
"GuideME","guideme","MR","LicenseRef-Multiple-OSS-Licenses","","https://github.com/AppliedEnergistics/GuideME/blob/main/LICENSE.MD","CUSTOM"
"Just Enough Resources (JER)","just-enough-resources-jer","MR","LicenseRef-Dont-Be-a-Jerk","","https://github.com/way2muchnoise/JustEnoughResources/blob/master/LICENSE.md","CUSTOM"
"Moonlight Lib","moonlight","MR","LicenseRef-LGPL-with-additional-dependency-clause","","https://github.com/MehVahdJukaar/Moonlight/blob/1.20/license.md","CUSTOM"
"Mowzie's Mobs","mowzies-mobs","MR","LicenseRef-Mowzies-Mobs-License","","https://legacy.curseforge.com/project/250498/license","CUSTOM"
"Nullscape","nullscape","MR","LicenseRef-Stardust-Labs-License","","https://github.com/Stardust-Labs-MC/license/blob/main/license.txt","CUSTOM"
"Sable","sable","MR","LicenseRef-PolyForm-Shield-License-1.0.0","","https://github.com/ryanhcode/sable/blob/main/LICENSE.md","CUSTOM"
"Sodium","sodium","MR","LicenseRef-Polyform-Shield-1.0.0","","https://github.com/CaffeineMC/sodium/blob/dev/LICENSE.md","CUSTOM"
"Supplementaries","supplementaries","MR","LicenseRef-Supplementaries-Team-License","","https://github.com/MehVahdJukaar/Supplementaries-Team-License/blob/main/LICENSE.md","CUSTOM"
"Terralith","terralith","MR","LicenseRef-Stardust-Labs-License","","https://github.com/Stardust-Labs-MC/license/blob/main/license.txt","CUSTOM"
"The Aether","aether","MR","LicenseRef-Custom","","https://github.com/The-Aether-Team/The-Aether#scroll-license-information","CUSTOM"
"Valhelsia Core","valhelsia-core","MR","LicenseRef-Custom","",,"CUSTOM"
"Aerial Hell","aerial-hell","MR","CC-BY-NC-SA-4.0","Creative Commons Attribution Non Commercial Share Alike 4.0 International",,"NC"
"Explorer's Compass","explorers-compass","MR","CC-BY-NC-SA-4.0","Creative Commons Attribution Non Commercial Share Alike 4.0 International",,"NC"
"Iceberg","iceberg","MR","CC-BY-NC-ND-4.0","Creative Commons Attribution Non Commercial No Derivatives 4.0 International",,"NC"
"Jade ðŸ”","jade","MR","CC-BY-NC-SA-4.0","Creative Commons Attribution Non Commercial Share Alike 4.0 International",,"NC"
"L_Ender's Cataclysm","l_enders-cataclysm","MR","CC-BY-NC-ND-4.0","Creative Commons Attribution Non Commercial No Derivatives 4.0 International",,"NC"
"Nature's Compass","natures-compass","MR","CC-BY-NC-SA-4.0","Creative Commons Attribution Non Commercial Share Alike 4.0 International",,"NC"
"Patchouli","patchouli","MR","CC-BY-NC-SA-3.0","Creative Commons Attribution Non Commercial Share Alike 3.0 Unported",,"NC"
"Quark","quark","MR","CC-BY-NC-SA-3.0","Creative Commons Attribution Non Commercial Share Alike 3.0 Unported",,"NC"
"Zeta","zeta","MR","CC-BY-NC-SA-3.0","Creative Commons Attribution Non Commercial Share Alike 3.0 Unported","https://github.com/VazkiiMods/Zeta/blob/main/LICENSE.md","NC"
"AppleSkin","appleskin","MR","Unlicense","The Unlicense",,"PERMISSIVE"
"Ars Structurize","ars-structurize","MR","MIT","MIT License",,"PERMISSIVE"
"Clumps","clumps","MR","MIT","MIT License",,"PERMISSIVE"
"Concurrent Chunk Management Engine (NeoForge)","c2me-neoforge","MR","MIT","MIT License",,"PERMISSIVE"
"Controlling","controlling","MR","MIT","MIT License",,"PERMISSIVE"
"Create Big Cannons: Advanced Technologies","create-big-cannons-advanced-technologies","MR","MIT","MIT License",,"PERMISSIVE"
"Create Crafts & Additions","createaddition","MR","MIT","MIT License","https://tldrlegal.com/license/mit-license","PERMISSIVE"
"Create Propulsion: Simulated","create-propulsion-simulated","MR","MIT","MIT License",,"PERMISSIVE"
"Create: Crafts & Additions and Aeronautics Compat","create-crafts-additions-and-aeronautics-compat","MR","MIT","MIT License",,"PERMISSIVE"
"Create: Diesel Generators","create-diesel-generators","MR","MIT","MIT License",,"PERMISSIVE"
"Create: New Age","create-new-age","MR","BSD-3-Clause","BSD 3-Clause ""New"" or ""Revised"" License",,"PERMISSIVE"
"Dynamic FPS","dynamic-fps","MR","MIT","MIT License",,"PERMISSIVE"
"EMI","emi","MR","MIT","MIT License",,"PERMISSIVE"
"Farmer's Delight","farmers-delight","MR","MIT","MIT License",,"PERMISSIVE"
"FerriteCore","ferrite-core","MR","MIT","MIT License",,"PERMISSIVE"
"Geckolib","geckolib","MR","MIT","MIT License",,"PERMISSIVE"
"Iris & Oculus Flywheel Compat","iris-flw-compat","MR","CC0-1.0","Creative Commons Zero v1.0 Universal",,"PERMISSIVE"
"Just Enough Items (JEI)","jei","MR","MIT","MIT License",,"PERMISSIVE"
"Kambrik","kambrik","MR","MPL-2.0","Mozilla Public License 2.0",,"PERMISSIVE"
"Ksyxis","ksyxis","MR","MIT","MIT License","https://github.com/VidTu/Ksyxis/raw/main/LICENSE","PERMISSIVE"
"Lithostitched","lithostitched","MR","MIT","MIT License",,"PERMISSIVE"
"Mekanism","mekanism","MR","MIT","MIT License",,"PERMISSIVE"
"Mekanism Generators","mekanism-generators","MR","MIT","MIT License",,"PERMISSIVE"
"Mekanism Tools","mekanism-tools","MR","MIT","MIT License",,"PERMISSIVE"
"Modern Industrialization","modern-industrialization","MR","MIT","MIT License",,"PERMISSIVE"
"Modular Routers","modular-routers","MR","MIT","MIT License",,"PERMISSIVE"
"Mouse Tweaks","mouse-tweaks","MR","BSD-3-Clause","BSD 3-Clause ""New"" or ""Revised"" License",,"PERMISSIVE"
"oÏ‰o (owo-lib)","owo-lib","MR","MIT","MIT License",,"PERMISSIVE"
"playerAnimator","playeranimator","MR","MIT","MIT License",,"PERMISSIVE"
"Reese's Sodium Options","reeses-sodium-options","MR","MIT","MIT License",,"PERMISSIVE"
"Resourceful Lib","resourceful-lib","MR","MIT","MIT License",,"PERMISSIVE"
"Ritchie's Projectile Library","rpl","MR","MIT","MIT License",,"PERMISSIVE"
"Sable: Collision damage  (Create Aeronautics)","sable-(create-aeronautics)-collision-damage","MR","MIT","MIT License",,"PERMISSIVE"
"Searchables","searchables","MR","MIT","MIT License",,"PERMISSIVE"
"Tectonic","tectonic","MR","MIT","MIT License",,"PERMISSIVE"
